Order ID,Date,Customer Name,Region,Product Name,Category,Brand,Quantity Sold,Unit Price,Total,Discount,Sales
O1000,1-Jan-23,Maria Garcia,North,Headphones,Electronics,HP,1,"$1,000","$1,000",$5,$995
O1001,2-Jan-23,Wei Chen,West,Charger,Electronics,DELL,2,"$2,000","$4,000",,"$4,000"
O1002,3-Jan-23,John Doe,South,Tablet,Electronics,SAMSUNG,1,"$2,000","$2,000",$0,"$2,000"
O1003,4-Jan-23,John Doe,East,Charger,Electronics,APPLE,1,"$1,500","$1,500",$10,"$1,490"
O1004,5-Jan-23,Jane Smith,North,Charger,Electronics,HP,2,"$1,500","$3,000",,"$3,000"
O1005,6-Jan-23,Wei Chen,South,Phone,Electronics,DELL,1,"$2,000","$2,000",$0,"$2,000"
O1006,7-Jan-23,John Doe,North,Tablet,Electronics,LENOVO,1,"$2,000","$2,000",,"$2,000"
O1007,8-Jan-23,Ali Khan,North,Tablet,Electronics,SAMSUNG,1,"$1,000","$1,000",,"$1,000"
O1008,9-Jan-23,Wei Chen,South,Tablet,Electronics,HP,1,"$1,000","$1,000",,"$1,000"
O1009,10-Jan-23,Ali Khan,South,Charger,Electronics,HP,1,"$1,500","$1,500",,"$1,500"
O1010,11-Jan-23,Ali Khan,East,Headphones,Electronics,APPLE,1,$500,$500,,$500
O1011,12-Jan-23,John Doe,East,Tablet,Electronics,APPLE,3,"$2,000","$6,000",,"$6,000"
O1012,13-Jan-23,Wei Chen,North,Charger,Electronics,LENOVO,1,"$1,000","$1,000",$0,"$1,000"
O1013,14-Jan-23,Maria Garcia,South,Phone,Electronics,LENOVO,2,"$1,500","$3,000",$10,"$2,990"
O1014,15-Jan-23,John Doe,South,Headphones,Electronics,DELL,2,"$1,000","$2,000",$5,"$1,995"
O1015,16-Jan-23,John Doe,East,Phone,Electronics,DELL,1,"$2,000","$2,000",,"$2,000"
O1016,17-Jan-23,Wei Chen,North,Headphones,Electronics,LENOVO,3,"$2,000","$6,000",$5,"$5,995"
O1017,18-Jan-23,Wei Chen,North,Charger,Electronics,LENOVO,3,"$2,000","$6,000",$0,"$6,000"
O1018,19-Jan-23,Ali Khan,West,Laptop,Electronics,SAMSUNG,1,$500,$500,,$500
O1019,20-Jan-23,Wei Chen,East,Headphones,Electronics,APPLE,1,"$1,000","$1,000",$10,$990
O1020,21-Jan-23,Ali Khan,West,Phone,Electronics,DELL,1,"$1,500","$1,500",$5,"$1,495"
O1021,22-Jan-23,John Doe,East,Charger,Electronics,APPLE,2,"$1,000","$2,000",,"$2,000"
O1022,23-Jan-23,Jane Smith,North,Headphones,Electronics,APPLE,1,"$1,500","$1,500",$0,"$1,500"
O1023,24-Jan-23,Maria Garcia,South,Laptop,Electronics,LENOVO,3,"$2,000","$6,000",$10,"$5,990"
O1024,25-Jan-23,John Doe,North,Laptop,Electronics,SAMSUNG,1,$500,$500,$5,$495
O1025,26-Jan-23,Wei Chen,East,Tablet,Electronics,HP,2,"$2,000","$4,000",$5,"$3,995"
O1026,27-Jan-23,Maria Garcia,South,Tablet,Electronics,SAMSUNG,1,"$2,000","$2,000",,"$2,000"
O1027,28-Jan-23,Jane Smith,North,Phone,Electronics,SAMSUNG,2,"$1,500","$3,000",$10,"$2,990"
O1028,29-Jan-23,Jane Smith,North,Headphones,Electronics,APPLE,2,"$2,000","$4,000",$10,"$3,990"
O1029,30-Jan-23,Ali Khan,West,Headphones,Electronics,SAMSUNG,1,"$1,000","$1,000",$10,$990
O1030,31-Jan-23,Maria Garcia,East,Tablet,Electronics,DELL,2,"$1,000","$2,000",$10,"$1,990"
O1031,1-Feb-23,Ali Khan,East,Headphones,Electronics,APPLE,2,"$1,500","$3,000",$0,"$3,000"
O1032,2-Feb-23,John Doe,North,Headphones,Electronics,DELL,1,"$1,000","$1,000",$10,$990
O1033,3-Feb-23,Maria Garcia,North,Laptop,Electronics,HP,1,$500,$500,$5,$495
O1034,4-Feb-23,John Doe,South,Tablet,Electronics,APPLE,1,"$1,500","$1,500",$5,"$1,495"
O1035,5-Feb-23,Ali Khan,North,Charger,Electronics,HP,1,"$1,500","$1,500",$0,"$1,500"
O1036,6-Feb-23,Maria Garcia,North,Tablet,Electronics,APPLE,1,"$2,000","$2,000",$5,"$1,995"
O1037,7-Feb-23,Ali Khan,North,Charger,Electronics,LENOVO,2,"$1,000","$2,000",$5,"$1,995"
O1038,8-Feb-23,Maria Garcia,North,Laptop,Electronics,SAMSUNG,3,"$1,500","$4,500",$10,"$4,490"
O1039,9-Feb-23,Ali Khan,North,Phone,Electronics,LENOVO,1,"$1,500","$1,500",$5,"$1,495"
O1040,10-Feb-23,Jane Smith,West,Headphones,Electronics,HP,3,"$1,000","$3,000",$0,"$3,000"
O1041,11-Feb-23,Ali Khan,North,Laptop,Electronics,SAMSUNG,1,$500,$500,$10,$490
O1042,12-Feb-23,Jane Smith,East,Headphones,Electronics,APPLE,1,$500,$500,,$500
O1043,13-Feb-23,Ali Khan,South,Phone,Electronics,SAMSUNG,1,"$2,000","$2,000",$10,"$1,990"
O1044,14-Feb-23,Maria Garcia,West,Phone,Electronics,DELL,1,$500,$500,$0,$500
O1045,15-Feb-23,Maria Garcia,East,Laptop,Electronics,SAMSUNG,1,$500,$500,$10,$490
O1046,16-Feb-23,Maria Garcia,North,Phone,Electronics,DELL,3,"$1,000","$3,000",$10,"$2,990"
O1047,17-Feb-23,Wei Chen,North,Charger,Electronics,SAMSUNG,2,"$2,000","$4,000",$0,"$4,000"
O1048,18-Feb-23,John Doe,North,Phone,Electronics,DELL,1,"$2,000","$2,000",$10,"$1,990"
O1049,19-Feb-23,Maria Garcia,South,Headphones,Electronics,HP,1,"$1,000","$1,000",$0,"$1,000"
O1050,20-Feb-23,Jane Smith,West,Headphones,Electronics,LENOVO,1,"$2,000","$2,000",$0,"$2,000"
O1051,21-Feb-23,Maria Garcia,West,Headphones,Electronics,APPLE,3,"$2,000","$6,000",,"$6,000"
O1052,22-Feb-23,Wei Chen,South,Headphones,Electronics,SAMSUNG,1,"$2,000","$2,000",$5,"$1,995"
O1053,23-Feb-23,Jane Smith,East,Charger,Electronics,LENOVO,2,"$2,000","$4,000",$5,"$3,995"
O1054,24-Feb-23,Wei Chen,East,Tablet,Electronics,APPLE,3,"$2,000","$6,000",$10,"$5,990"
O1055,25-Feb-23,Jane Smith,West,Laptop,Electronics,APPLE,1,"$1,000","$1,000",$10,$990
O1056,26-Feb-23,Ali Khan,West,Headphones,Electronics,DELL,3,$500,"$1,500",,"$1,500"
O1057,27-Feb-23,John Doe,North,Phone,Electronics,HP,2,"$1,500","$3,000",,"$3,000"
O1058,28-Feb-23,John Doe,East,Headphones,Electronics,HP,1,$500,$500,,$500
O1059,1-Mar-23,Wei Chen,South,Phone,Electronics,LENOVO,3,"$2,000","$6,000",$0,"$6,000"
O1060,2-Mar-23,John Doe,East,Phone,Electronics,HP,2,"$1,000","$2,000",,"$2,000"
O1061,3-Mar-23,Wei Chen,North,Headphones,Electronics,SAMSUNG,1,"$1,000","$1,000",,"$1,000"
O1062,4-Mar-23,Wei Chen,West,Charger,Electronics,HP,2,"$1,000","$2,000",$10,"$1,990"
O1063,5-Mar-23,Wei Chen,West,Phone,Electronics,LENOVO,1,"$2,000","$2,000",,"$2,000"
O1064,6-Mar-23,John Doe,North,Phone,Electronics,HP,3,"$1,000","$3,000",$0,"$3,000"
O1065,7-Mar-23,Wei Chen,South,Headphones,Electronics,SAMSUNG,1,"$1,000","$1,000",$0,"$1,000"
O1066,8-Mar-23,John Doe,West,Phone,Electronics,DELL,1,"$2,000","$2,000",$10,"$1,990"
O1067,9-Mar-23,Wei Chen,North,Phone,Electronics,LENOVO,3,"$1,000","$3,000",,"$3,000"
O1068,10-Mar-23,Maria Garcia,West,Headphones,Electronics,DELL,1,"$1,500","$1,500",,"$1,500"
O1069,11-Mar-23,Wei Chen,North,Headphones,Electronics,DELL,1,"$1,500","$1,500",$0,"$1,500"
O1070,12-Mar-23,Jane Smith,North,Laptop,Electronics,DELL,1,"$1,000","$1,000",,"$1,000"
O1071,13-Mar-23,Wei Chen,North,Charger,Electronics,APPLE,3,"$2,000","$6,000",,"$6,000"
O1072,14-Mar-23,Ali Khan,West,Charger,Electronics,APPLE,2,"$2,000","$4,000",,"$4,000"
O1073,15-Mar-23,Wei Chen,East,Phone,Electronics,DELL,1,"$1,500","$1,500",$5,"$1,495"
O1074,16-Mar-23,Jane Smith,North,Charger,Electronics,LENOVO,3,"$2,000","$6,000",$10,"$5,990"
O1075,17-Mar-23,Jane Smith,South,Phone,Electronics,SAMSUNG,1,"$1,000","$1,000",$5,$995
O1076,18-Mar-23,John Doe,West,Laptop,Electronics,SAMSUNG,2,$500,"$1,000",$10,$990
O1077,19-Mar-23,Maria Garcia,South,Headphones,Electronics,HP,2,$500,"$1,000",$0,"$1,000"
O1078,20-Mar-23,Wei Chen,West,Headphones,Electronics,LENOVO,3,"$1,500","$4,500",,"$4,500"
O1079,21-Mar-23,John Doe,East,Headphones,Electronics,APPLE,2,"$1,000","$2,000",$10,"$1,990"
O1080,22-Mar-23,Maria Garcia,East,Charger,Electronics,DELL,1,"$2,000","$2,000",$5,"$1,995"
O1081,23-Mar-23,Wei Chen,East,Laptop,Electronics,HP,2,"$1,000","$2,000",,"$2,000"
O1082,24-Mar-23,Ali Khan,East,Charger,Electronics,SAMSUNG,1,"$2,000","$2,000",$0,"$2,000"
O1083,25-Mar-23,Wei Chen,North,Charger,Electronics,APPLE,1,"$1,000","$1,000",$10,$990
O1084,26-Mar-23,Jane Smith,North,Laptop,Electronics,APPLE,2,$500,"$1,000",$10,$990
O1085,27-Mar-23,Jane Smith,North,Laptop,Electronics,DELL,3,$500,"$1,500",$10,"$1,490"
O1086,28-Mar-23,Ali Khan,South,Laptop,Electronics,SAMSUNG,1,$500,$500,,$500
O1087,29-Mar-23,John Doe,West,Laptop,Electronics,LENOVO,2,$500,"$1,000",$5,$995
O1088,30-Mar-23,Maria Garcia,West,Headphones,Electronics,APPLE,1,"$2,000","$2,000",$5,"$1,995"
O1089,31-Mar-23,Wei Chen,North,Tablet,Electronics,DELL,1,"$2,000","$2,000",$10,"$1,990"
O1090,1-Apr-23,Jane Smith,West,Tablet,Electronics,LENOVO,2,$500,"$1,000",$0,"$1,000"
O1091,2-Apr-23,John Doe,North,Laptop,Electronics,SAMSUNG,3,"$2,000","$6,000",$0,"$6,000"
O1092,3-Apr-23,Ali Khan,North,Tablet,Electronics,APPLE,3,"$1,000","$3,000",$5,"$2,995"
O1093,4-Apr-23,Jane Smith,South,Tablet,Electronics,LENOVO,1,$500,$500,$0,$500
O1094,5-Apr-23,Ali Khan,North,Laptop,Electronics,LENOVO,1,"$1,500","$1,500",$5,"$1,495"
O1095,6-Apr-23,Wei Chen,East,Tablet,Electronics,LENOVO,3,$500,"$1,500",$10,"$1,490"
O1096,7-Apr-23,Maria Garcia,East,Charger,Electronics,APPLE,1,$500,$500,$5,$495
O1097,8-Apr-23,Jane Smith,East,Phone,Electronics,APPLE,2,"$2,000","$4,000",$5,"$3,995"
O1098,9-Apr-23,Jane Smith,North,Phone,Electronics,HP,1,"$1,000","$1,000",$10,$990
O1099,10-Apr-23,Wei Chen,West,Laptop,Electronics,SAMSUNG,1,"$1,500","$1,500",$0,"$1,500"
O1100,11-Apr-23,John Doe,South,Headphones,Electronics,DELL,3,"$1,000","$3,000",$5,"$2,995"
O1101,12-Apr-23,Maria Garcia,East,Laptop,Electronics,LENOVO,2,$500,"$1,000",$5,$995
O1102,13-Apr-23,Jane Smith,East,Headphones,Electronics,HP,3,$500,"$1,500",$10,"$1,490"
O1103,14-Apr-23,Maria Garcia,East,Phone,Electronics,DELL,2,"$2,000","$4,000",$0,"$4,000"
O1104,15-Apr-23,Jane Smith,South,Laptop,Electronics,HP,2,"$2,000","$4,000",$5,"$3,995"
O1105,16-Apr-23,Maria Garcia,East,Charger,Electronics,APPLE,2,"$2,000","$4,000",$10,"$3,990"
O1106,17-Apr-23,Ali Khan,South,Tablet,Electronics,LENOVO,1,"$1,500","$1,500",$5,"$1,495"
O1107,18-Apr-23,Jane Smith,East,Headphones,Electronics,DELL,1,"$1,000","$1,000",,"$1,000"
O1108,19-Apr-23,Maria Garcia,North,Tablet,Electronics,DELL,3,"$1,500","$4,500",$10,"$4,490"
O1109,20-Apr-23,John Doe,North,Tablet,Electronics,DELL,1,"$1,000","$1,000",$0,"$1,000"
O1110,21-Apr-23,Ali Khan,South,Laptop,Electronics,DELL,3,$500,"$1,500",$0,"$1,500"
O1111,22-Apr-23,Ali Khan,North,Tablet,Electronics,DELL,2,"$1,000","$2,000",$0,"$2,000"
O1112,23-Apr-23,John Doe,South,Charger,Electronics,HP,1,"$2,000","$2,000",$0,"$2,000"
O1113,24-Apr-23,Maria Garcia,North,Tablet,Electronics,LENOVO,1,$500,$500,$5,$495
O1114,25-Apr-23,Wei Chen,North,Laptop,Electronics,APPLE,1,$500,$500,$5,$495
O1115,26-Apr-23,John Doe,South,Charger,Electronics,APPLE,3,"$2,000","$6,000",$0,"$6,000"
O1116,27-Apr-23,Maria Garcia,West,Phone,Electronics,APPLE,1,"$2,000","$2,000",$0,"$2,000"
O1117,28-Apr-23,John Doe,North,Tablet,Electronics,APPLE,1,"$1,500","$1,500",$0,"$1,500"
O1118,29-Apr-23,John Doe,East,Laptop,Electronics,HP,1,"$2,000","$2,000",$5,"$1,995"
O1119,30-Apr-23,Jane Smith,West,Phone,Electronics,SAMSUNG,2,$500,"$1,000",$0,"$1,000"
O1120,1-May-23,Maria Garcia,South,Phone,Electronics,LENOVO,1,$500,$500,$0,$500
O1121,2-May-23,Wei Chen,West,Headphones,Electronics,DELL,2,"$2,000","$4,000",,"$4,000"
O1122,3-May-23,Jane Smith,North,Charger,Electronics,SAMSUNG,3,"$2,000","$6,000",,"$6,000"
O1123,4-May-23,John Doe,North,Tablet,Electronics,APPLE,1,$500,$500,$0,$500
O1124,5-May-23,John Doe,North,Laptop,Electronics,SAMSUNG,1,"$1,500","$1,500",$10,"$1,490"
O1125,6-May-23,John Doe,North,Headphones,Electronics,LENOVO,3,"$1,000","$3,000",$0,"$3,000"
O1126,7-May-23,Maria Garcia,East,Charger,Electronics,DELL,3,"$2,000","$6,000",,"$6,000"
O1127,8-May-23,Maria Garcia,West,Headphones,Electronics,DELL,1,"$2,000","$2,000",$10,"$1,990"
O1128,9-May-23,Jane Smith,North,Charger,Electronics,LENOVO,1,"$2,000","$2,000",$10,"$1,990"
O1129,10-May-23,Wei Chen,North,Charger,Electronics,LENOVO,1,$500,$500,$0,$500
O1130,11-May-23,Jane Smith,West,Tablet,Electronics,APPLE,3,$500,"$1,500",,"$1,500"
O1131,12-May-23,Ali Khan,North,Charger,Electronics,DELL,1,"$2,000","$2,000",,"$2,000"
O1132,13-May-23,John Doe,North,Headphones,Electronics,SAMSUNG,2,"$2,000","$4,000",$10,"$3,990"
O1133,14-May-23,John Doe,North,Charger,Electronics,HP,1,"$2,000","$2,000",$0,"$2,000"
O1134,15-May-23,John Doe,North,Tablet,Electronics,HP,2,"$1,500","$3,000",$5,"$2,995"
O1135,16-May-23,Jane Smith,North,Tablet,Electronics,LENOVO,1,"$2,000","$2,000",$5,"$1,995"
O1136,17-May-23,Jane Smith,South,Headphones,Electronics,APPLE,3,"$2,000","$6,000",,"$6,000"
O1137,18-May-23,John Doe,North,Phone,Electronics,HP,1,"$1,000","$1,000",$5,$995
O1138,19-May-23,Jane Smith,North,Phone,Electronics,DELL,1,"$1,000","$1,000",,"$1,000"
O1139,20-May-23,Maria Garcia,East,Charger,Electronics,LENOVO,1,$500,$500,,$500
O1140,21-May-23,Maria Garcia,East,Laptop,Electronics,SAMSUNG,3,$500,"$1,500",,"$1,500"
O1141,22-May-23,Jane Smith,East,Charger,Electronics,LENOVO,3,"$2,000","$6,000",$5,"$5,995"
O1142,23-May-23,John Doe,South,Headphones,Electronics,SAMSUNG,2,"$1,000","$2,000",,"$2,000"
O1143,24-May-23,Jane Smith,South,Headphones,Electronics,LENOVO,1,"$1,000","$1,000",$10,$990
O1144,25-May-23,Jane Smith,North,Headphones,Electronics,LENOVO,1,$500,$500,$0,$500
O1145,26-May-23,Jane Smith,East,Headphones,Electronics,LENOVO,3,"$1,500","$4,500",$0,"$4,500"
O1146,27-May-23,Ali Khan,South,Headphones,Electronics,SAMSUNG,2,"$1,000","$2,000",,"$2,000"
O1147,28-May-23,Maria Garcia,North,Tablet,Electronics,SAMSUNG,1,"$2,000","$2,000",$0,"$2,000"
O1148,29-May-23,Wei Chen,North,Phone,Electronics,LENOVO,3,"$1,500","$4,500",$5,"$4,495"
O1149,30-May-23,Wei Chen,West,Headphones,Electronics,HP,1,"$1,000","$1,000",$5,$995
O1150,31-May-23,Ali Khan,North,Laptop,Electronics,APPLE,1,$500,$500,$0,$500
O1151,1-Jun-23,Jane Smith,West,Laptop,Electronics,APPLE,2,$500,"$1,000",$5,$995
O1152,2-Jun-23,Ali Khan,East,Laptop,Electronics,APPLE,2,"$1,500","$3,000",$0,"$3,000"
O1153,3-Jun-23,Ali Khan,West,Laptop,Electronics,SAMSUNG,2,"$2,000","$4,000",$0,"$4,000"
O1154,4-Jun-23,John Doe,East,Tablet,Electronics,SAMSUNG,1,"$1,000","$1,000",$0,"$1,000"
O1155,5-Jun-23,Maria Garcia,North,Laptop,Electronics,HP,1,"$2,000","$2,000",,"$2,000"
O1156,6-Jun-23,Wei Chen,West,Headphones,Electronics,APPLE,1,"$1,000","$1,000",$0,"$1,000"
O1157,7-Jun-23,Jane Smith,North,Charger,Electronics,APPLE,1,"$1,000","$1,000",,"$1,000"
O1158,8-Jun-23,Wei Chen,East,Laptop,Electronics,LENOVO,1,"$1,500","$1,500",$0,"$1,500"
O1159,9-Jun-23,Wei Chen,North,Tablet,Electronics,SAMSUNG,1,"$1,500","$1,500",$0,"$1,500"
O1160,10-Jun-23,Maria Garcia,South,Tablet,Electronics,APPLE,1,"$1,000","$1,000",$0,"$1,000"
O1161,11-Jun-23,Wei Chen,East,Laptop,Electronics,HP,1,$500,$500,$5,$495
O1162,12-Jun-23,Wei Chen,West,Charger,Electronics,HP,2,"$1,000","$2,000",,"$2,000"
O1163,13-Jun-23,Ali Khan,East,Laptop,Electronics,APPLE,1,$500,$500,,$500
O1164,14-Jun-23,Maria Garcia,North,Tablet,Electronics,SAMSUNG,1,$500,$500,$0,$500
O1165,15-Jun-23,John Doe,North,Phone,Electronics,HP,1,"$1,500","$1,500",$0,"$1,500"
O1166,16-Jun-23,Jane Smith,East,Headphones,Electronics,LENOVO,2,"$1,000","$2,000",$5,"$1,995"
O1167,17-Jun-23,Wei Chen,West,Tablet,Electronics,HP,1,"$2,000","$2,000",$5,"$1,995"
O1168,18-Jun-23,Jane Smith,South,Laptop,Electronics,DELL,3,"$2,000","$6,000",$5,"$5,995"
O1169,19-Jun-23,John Doe,North,Headphones,Electronics,DELL,2,"$1,000","$2,000",,"$2,000"
O1170,20-Jun-23,Jane Smith,South,Laptop,Electronics,SAMSUNG,3,"$2,000","$6,000",,"$6,000"
O1171,21-Jun-23,John Doe,East,Laptop,Electronics,APPLE,1,"$1,000","$1,000",,"$1,000"
O1172,22-Jun-23,Ali Khan,North,Phone,Electronics,SAMSUNG,1,"$1,000","$1,000",$0,"$1,000"
O1173,23-Jun-23,Wei Chen,North,Headphones,Electronics,SAMSUNG,2,"$2,000","$4,000",,"$4,000"
O1174,24-Jun-23,John Doe,West,Headphones,Electronics,SAMSUNG,1,"$1,000","$1,000",$10,$990
O1175,25-Jun-23,Jane Smith,North,Phone,Electronics,SAMSUNG,3,"$2,000","$6,000",$10,"$5,990"
O1176,26-Jun-23,Wei Chen,North,Tablet,Electronics,LENOVO,1,$500,$500,$5,$495
O1177,27-Jun-23,Ali Khan,North,Laptop,Electronics,LENOVO,1,$500,$500,,$500
O1178,28-Jun-23,Wei Chen,West,Charger,Electronics,HP,1,"$2,000","$2,000",$10,"$1,990"
O1179,29-Jun-23,John Doe,East,Laptop,Electronics,DELL,2,"$1,000","$2,000",$5,"$1,995"
O1180,30-Jun-23,Ali Khan,East,Laptop,Electronics,SAMSUNG,1,$500,$500,,$500
O1181,1-Jul-23,Jane Smith,North,Tablet,Electronics,HP,3,"$1,000","$3,000",$0,"$3,000"
O1182,2-Jul-23,Ali Khan,South,Laptop,Electronics,DELL,1,"$1,500","$1,500",$10,"$1,490"
O1183,3-Jul-23,Ali Khan,East,Phone,Electronics,APPLE,1,"$1,000","$1,000",$0,"$1,000"
O1184,4-Jul-23,Maria Garcia,North,Phone,Electronics,LENOVO,1,"$1,000","$1,000",,"$1,000"
O1185,5-Jul-23,Ali Khan,West,Headphones,Electronics,DELL,1,"$1,000","$1,000",$10,$990
O1186,6-Jul-23,Ali Khan,North,Charger,Electronics,APPLE,3,$500,"$1,500",,"$1,500"
O1187,7-Jul-23,Wei Chen,East,Laptop,Electronics,DELL,3,"$1,000","$3,000",$0,"$3,000"
O1188,8-Jul-23,Jane Smith,West,Laptop,Electronics,LENOVO,1,$500,$500,$10,$490
O1189,9-Jul-23,Wei Chen,North,Tablet,Electronics,LENOVO,1,"$2,000","$2,000",$0,"$2,000"
O1190,10-Jul-23,Wei Chen,North,Phone,Electronics,HP,1,"$1,500","$1,500",,"$1,500"
O1191,11-Jul-23,John Doe,West,Charger,Electronics,SAMSUNG,3,$500,"$1,500",,"$1,500"
O1192,12-Jul-23,Wei Chen,North,Headphones,Electronics,DELL,1,"$2,000","$2,000",$0,"$2,000"
O1193,13-Jul-23,Maria Garcia,South,Phone,Electronics,DELL,1,$500,$500,$10,$490
O1194,14-Jul-23,Maria Garcia,West,Headphones,Electronics,APPLE,1,$500,$500,$0,$500
O1195,15-Jul-23,John Doe,North,Tablet,Electronics,LENOVO,2,"$1,500","$3,000",,"$3,000"
O1196,16-Jul-23,Jane Smith,East,Tablet,Electronics,DELL,1,"$2,000","$2,000",$0,"$2,000"
O1197,17-Jul-23,Jane Smith,East,Laptop,Electronics,LENOVO,3,$500,"$1,500",,"$1,500"
O1198,18-Jul-23,Wei Chen,South,Charger,Electronics,DELL,3,$500,"$1,500",$0,"$1,500"
O1199,19-Jul-23,Wei Chen,West,Headphones,Electronics,HP,2,"$1,000","$2,000",$10,"$1,990"
O1200,20-Jul-23,Wei Chen,West,Phone,Electronics,SAMSUNG,1,"$2,000","$2,000",$10,"$1,990"
O1201,21-Jul-23,Jane Smith,West,Tablet,Electronics,DELL,3,"$1,000","$3,000",$0,"$3,000"
O1202,22-Jul-23,Ali Khan,South,Laptop,Electronics,LENOVO,1,"$1,000","$1,000",$0,"$1,000"
O1203,23-Jul-23,Maria Garcia,West,Laptop,Electronics,HP,3,$500,"$1,500",$10,"$1,490"
O1204,24-Jul-23,Ali Khan,East,Headphones,Electronics,DELL,1,$500,$500,,$500
O1205,25-Jul-23,Ali Khan,North,Tablet,Electronics,APPLE,2,$500,"$1,000",$10,$990
O1206,26-Jul-23,Jane Smith,East,Charger,Electronics,SAMSUNG,1,$500,$500,,$500
O1207,27-Jul-23,Ali Khan,East,Tablet,Electronics,DELL,3,"$2,000","$6,000",$0,"$6,000"
O1208,28-Jul-23,John Doe,North,Headphones,Electronics,HP,3,$500,"$1,500",$0,"$1,500"
O1209,29-Jul-23,Wei Chen,East,Headphones,Electronics,APPLE,3,"$1,000","$3,000",,"$3,000"
O1210,30-Jul-23,John Doe,South,Tablet,Electronics,HP,2,"$2,000","$4,000",$0,"$4,000"
O1211,31-Jul-23,Maria Garcia,North,Headphones,Electronics,HP,2,$500,"$1,000",,"$1,000"
O1212,1-Aug-23,Wei Chen,East,Tablet,Electronics,APPLE,1,"$1,500","$1,500",$5,"$1,495"
O1213,2-Aug-23,Ali Khan,North,Phone,Electronics,HP,3,"$2,000","$6,000",$10,"$5,990"
O1214,3-Aug-23,Maria Garcia,East,Tablet,Electronics,APPLE,1,"$1,000","$1,000",$5,$995
O1215,4-Aug-23,Wei Chen,South,Tablet,Electronics,DELL,2,"$2,000","$4,000",,"$4,000"
O1216,5-Aug-23,Ali Khan,West,Headphones,Electronics,APPLE,3,"$2,000","$6,000",$10,"$5,990"
O1217,6-Aug-23,John Doe,East,Headphones,Electronics,APPLE,3,"$1,500","$4,500",,"$4,500"
O1218,7-Aug-23,Wei Chen,West,Laptop,Electronics,SAMSUNG,2,"$1,000","$2,000",$10,"$1,990"
O1219,8-Aug-23,Ali Khan,North,Laptop,Electronics,APPLE,1,"$1,000","$1,000",$10,$990
O1220,9-Aug-23,John Doe,East,Phone,Electronics,APPLE,2,"$2,000","$4,000",$10,"$3,990"
O1221,10-Aug-23,Maria Garcia,North,Laptop,Electronics,DELL,2,$500,"$1,000",$10,$990
O1222,11-Aug-23,Maria Garcia,West,Tablet,Electronics,SAMSUNG,1,"$1,500","$1,500",,"$1,500"
O1223,12-Aug-23,Maria Garcia,North,Headphones,Electronics,LENOVO,1,"$1,000","$1,000",$10,$990
O1224,13-Aug-23,Maria Garcia,North,Laptop,Electronics,DELL,1,"$1,500","$1,500",$10,"$1,490"
O1225,14-Aug-23,Jane Smith,North,Laptop,Electronics,DELL,3,$500,"$1,500",$5,"$1,495"
O1226,15-Aug-23,Wei Chen,North,Phone,Electronics,LENOVO,2,$500,"$1,000",$0,"$1,000"
O1227,16-Aug-23,Wei Chen,North,Phone,Electronics,APPLE,1,"$2,000","$2,000",$0,"$2,000"
O1228,17-Aug-23,Jane Smith,East,Tablet,Electronics,HP,1,$500,$500,$5,$495
O1229,18-Aug-23,Ali Khan,East,Headphones,Electronics,SAMSUNG,2,"$2,000","$4,000",$5,"$3,995"
O1230,19-Aug-23,Ali Khan,East,Phone,Electronics,HP,3,"$1,000","$3,000",,"$3,000"
O1231,20-Aug-23,Maria Garcia,North,Laptop,Electronics,LENOVO,1,$500,$500,,$500
O1232,21-Aug-23,John Doe,North,Headphones,Electronics,DELL,1,"$1,500","$1,500",,"$1,500"
O1233,22-Aug-23,Ali Khan,North,Headphones,Electronics,DELL,1,"$2,000","$2,000",$5,"$1,995"
O1234,23-Aug-23,John Doe,South,Laptop,Electronics,SAMSUNG,1,$500,$500,$5,$495
O1235,24-Aug-23,Wei Chen,North,Phone,Electronics,DELL,3,$500,"$1,500",$10,"$1,490"
O1236,25-Aug-23,John Doe,East,Laptop,Electronics,DELL,2,$500,"$1,000",,"$1,000"
O1237,26-Aug-23,Wei Chen,East,Headphones,Electronics,SAMSUNG,1,$500,$500,,$500
O1238,27-Aug-23,Jane Smith,South,Charger,Electronics,SAMSUNG,1,$500,$500,,$500
O1239,28-Aug-23,Jane Smith,South,Charger,Electronics,LENOVO,1,"$1,500","$1,500",$0,"$1,500"
O1240,29-Aug-23,Maria Garcia,North,Tablet,Electronics,DELL,1,"$2,000","$2,000",$10,"$1,990"
O1241,30-Aug-23,Ali Khan,West,Laptop,Electronics,DELL,3,"$1,000","$3,000",,"$3,000"
O1242,31-Aug-23,Maria Garcia,South,Laptop,Electronics,LENOVO,1,"$1,500","$1,500",,"$1,500"
O1243,1-Sep-23,Wei Chen,North,Tablet,Electronics,APPLE,2,"$1,500","$3,000",,"$3,000"
O1244,2-Sep-23,Maria Garcia,East,Tablet,Electronics,APPLE,3,"$1,000","$3,000",$0,"$3,000"
O1245,3-Sep-23,John Doe,North,Tablet,Electronics,APPLE,2,"$1,000","$2,000",$0,"$2,000"
O1246,4-Sep-23,Wei Chen,East,Headphones,Electronics,LENOVO,3,$500,"$1,500",$5,"$1,495"
O1247,5-Sep-23,Jane Smith,East,Laptop,Electronics,DELL,2,"$1,500","$3,000",$10,"$2,990"
O1248,6-Sep-23,Ali Khan,South,Headphones,Electronics,LENOVO,1,"$1,000","$1,000",$5,$995
O1249,7-Sep-23,Wei Chen,South,Tablet,Electronics,LENOVO,1,"$1,000","$1,000",$10,$990
O1250,8-Sep-23,Wei Chen,North,Laptop,Electronics,APPLE,2,"$1,000","$2,000",$0,"$2,000"
O1251,9-Sep-23,John Doe,East,Headphones,Electronics,HP,3,"$2,000","$6,000",,"$6,000"
O1252,10-Sep-23,Ali Khan,North,Headphones,Electronics,DELL,1,"$1,000","$1,000",$5,$995
O1253,11-Sep-23,Jane Smith,West,Tablet,Electronics,APPLE,1,"$2,000","$2,000",,"$2,000"
O1254,12-Sep-23,Wei Chen,North,Laptop,Electronics,HP,3,"$1,000","$3,000",$5,"$2,995"
O1255,13-Sep-23,Wei Chen,North,Tablet,Electronics,HP,2,$500,"$1,000",$0,"$1,000"
O1256,14-Sep-23,John Doe,North,Laptop,Electronics,SAMSUNG,1,"$2,000","$2,000",$0,"$2,000"
O1257,15-Sep-23,Maria Garcia,North,Charger,Electronics,DELL,1,"$2,000","$2,000",$0,"$2,000"
O1258,16-Sep-23,Jane Smith,North,Phone,Electronics,HP,2,"$1,000","$2,000",$5,"$1,995"
O1259,17-Sep-23,Ali Khan,North,Phone,Electronics,APPLE,1,"$2,000","$2,000",$10,"$1,990"
O1260,18-Sep-23,Wei Chen,West,Phone,Electronics,SAMSUNG,1,"$2,000","$2,000",$5,"$1,995"
O1261,19-Sep-23,Wei Chen,North,Tablet,Electronics,DELL,1,"$2,000","$2,000",$10,"$1,990"
O1262,20-Sep-23,Jane Smith,North,Charger,Electronics,LENOVO,1,"$1,500","$1,500",$5,"$1,495"
O1263,21-Sep-23,Maria Garcia,West,Laptop,Electronics,APPLE,2,"$1,000","$2,000",$5,"$1,995"
O1264,22-Sep-23,Wei Chen,East,Headphones,Electronics,HP,1,"$2,000","$2,000",$0,"$2,000"
O1265,23-Sep-23,Jane Smith,South,Laptop,Electronics,HP,3,"$1,500","$4,500",,"$4,500"
O1266,24-Sep-23,John Doe,North,Headphones,Electronics,APPLE,1,"$1,500","$1,500",,"$1,500"
O1267,25-Sep-23,Maria Garcia,South,Laptop,Electronics,HP,1,$500,$500,$10,$490
O1268,26-Sep-23,Ali Khan,West,Charger,Electronics,SAMSUNG,1,"$2,000","$2,000",,"$2,000"
O1269,27-Sep-23,Wei Chen,East,Headphones,Electronics,DELL,2,"$1,500","$3,000",$5,"$2,995"
O1270,28-Sep-23,Jane Smith,East,Tablet,Electronics,SAMSUNG,1,"$2,000","$2,000",$5,"$1,995"
O1271,29-Sep-23,John Doe,East,Laptop,Electronics,HP,2,"$2,000","$4,000",$0,"$4,000"
O1272,30-Sep-23,Ali Khan,West,Laptop,Electronics,LENOVO,2,$500,"$1,000",$0,"$1,000"
O1273,1-Oct-23,Jane Smith,North,Headphones,Electronics,DELL,1,"$2,000","$2,000",,"$2,000"
O1274,2-Oct-23,Jane Smith,North,Tablet,Electronics,DELL,2,"$1,500","$3,000",$10,"$2,990"
O1275,3-Oct-23,Ali Khan,South,Tablet,Electronics,APPLE,2,"$1,500","$3,000",,"$3,000"
O1276,4-Oct-23,John Doe,North,Charger,Electronics,APPLE,1,"$2,000","$2,000",,"$2,000"
O1277,5-Oct-23,John Doe,North,Tablet,Electronics,LENOVO,3,"$2,000","$6,000",,"$6,000"
O1278,6-Oct-23,Maria Garcia,East,Tablet,Electronics,DELL,2,"$2,000","$4,000",,"$4,000"
O1279,7-Oct-23,Wei Chen,East,Tablet,Electronics,LENOVO,2,"$1,500","$3,000",$5,"$2,995"
O1280,8-Oct-23,Ali Khan,South,Phone,Electronics,APPLE,2,"$1,000","$2,000",$10,"$1,990"
O1281,9-Oct-23,Ali Khan,North,Charger,Electronics,APPLE,1,"$2,000","$2,000",$5,"$1,995"
O1282,10-Oct-23,Ali Khan,South,Laptop,Electronics,DELL,3,"$2,000","$6,000",$10,"$5,990"
O1283,11-Oct-23,John Doe,South,Headphones,Electronics,SAMSUNG,1,"$1,000","$1,000",$0,"$1,000"
O1284,12-Oct-23,Wei Chen,West,Laptop,Electronics,HP,1,"$2,000","$2,000",,"$2,000"
O1285,13-Oct-23,Maria Garcia,West,Charger,Electronics,APPLE,1,"$1,500","$1,500",$5,"$1,495"
O1286,14-Oct-23,Jane Smith,South,Headphones,Electronics,APPLE,3,"$1,000","$3,000",$10,"$2,990"
O1287,15-Oct-23,Jane Smith,South,Charger,Electronics,SAMSUNG,3,"$2,000","$6,000",$0,"$6,000"
O1288,16-Oct-23,Ali Khan,South,Tablet,Electronics,SAMSUNG,1,"$1,500","$1,500",$0,"$1,500"
O1289,17-Oct-23,Wei Chen,North,Headphones,Electronics,LENOVO,1,"$1,000","$1,000",,"$1,000"
O1290,18-Oct-23,John Doe,West,Tablet,Electronics,LENOVO,1,"$2,000","$2,000",$10,"$1,990"
O1291,19-Oct-23,Wei Chen,South,Laptop,Electronics,HP,3,"$1,000","$3,000",$5,"$2,995"
O1292,20-Oct-23,Wei Chen,East,Laptop,Electronics,HP,1,"$1,000","$1,000",,"$1,000"
O1293,21-Oct-23,John Doe,East,Headphones,Electronics,DELL,3,$500,"$1,500",$5,"$1,495"
O1294,22-Oct-23,Ali Khan,North,Headphones,Electronics,LENOVO,1,"$1,000","$1,000",$0,"$1,000"
O1295,23-Oct-23,Wei Chen,North,Charger,Electronics,APPLE,2,"$2,000","$4,000",$5,"$3,995"
O1296,24-Oct-23,Jane Smith,North,Charger,Electronics,LENOVO,3,"$1,000","$3,000",$5,"$2,995"
O1297,25-Oct-23,John Doe,North,Tablet,Electronics,APPLE,3,$500,"$1,500",,"$1,500"
O1298,26-Oct-23,Maria Garcia,North,Headphones,Electronics,SAMSUNG,1,"$1,500","$1,500",$5,"$1,495"
O1299,27-Oct-23,Ali Khan,North,Laptop,Electronics,LENOVO,3,"$2,000","$6,000",,"$6,000"
O1300,28-Oct-23,John Doe,North,Charger,Electronics,SAMSUNG,3,"$1,000","$3,000",$0,"$3,000"
O1301,29-Oct-23,Maria Garcia,North,Charger,Electronics,HP,2,"$2,000","$4,000",,"$4,000"
O1302,30-Oct-23,Maria Garcia,East,Laptop,Electronics,HP,3,$500,"$1,500",,"$1,500"
O1303,31-Oct-23,Wei Chen,North,Charger,Electronics,DELL,2,"$1,000","$2,000",$10,"$1,990"
O1304,1-Nov-23,Wei Chen,East,Tablet,Electronics,LENOVO,2,"$2,000","$4,000",$5,"$3,995"
O1305,2-Nov-23,Wei Chen,North,Headphones,Electronics,SAMSUNG,2,"$1,000","$2,000",$0,"$2,000"
O1306,3-Nov-23,John Doe,North,Laptop,Electronics,APPLE,2,"$2,000","$4,000",,"$4,000"
O1307,4-Nov-23,John Doe,North,Headphones,Electronics,HP,1,"$2,000","$2,000",$0,"$2,000"
O1308,5-Nov-23,Ali Khan,South,Charger,Electronics,HP,1,"$2,000","$2,000",$10,"$1,990"
O1309,6-Nov-23,Wei Chen,South,Charger,Electronics,APPLE,1,$500,$500,$5,$495
O1310,7-Nov-23,Maria Garcia,West,Laptop,Electronics,SAMSUNG,3,"$2,000","$6,000",,"$6,000"
O1311,8-Nov-23,Jane Smith,West,Tablet,Electronics,SAMSUNG,1,"$2,000","$2,000",$5,"$1,995"
O1312,9-Nov-23,Ali Khan,West,Phone,Electronics,LENOVO,1,"$1,000","$1,000",$10,$990
O1313,10-Nov-23,John Doe,South,Laptop,Electronics,LENOVO,3,"$1,500","$4,500",$10,"$4,490"
O1314,11-Nov-23,Ali Khan,South,Phone,Electronics,DELL,3,"$2,000","$6,000",$0,"$6,000"
O1315,12-Nov-23,Ali Khan,West,Phone,Electronics,HP,3,"$2,000","$6,000",,"$6,000"
O1316,13-Nov-23,Ali Khan,West,Tablet,Electronics,LENOVO,1,"$2,000","$2,000",$0,"$2,000"
O1317,14-Nov-23,Ali Khan,North,Phone,Electronics,SAMSUNG,1,$500,$500,$10,$490
O1318,15-Nov-23,Jane Smith,West,Phone,Electronics,APPLE,3,"$1,000","$3,000",$5,"$2,995"
O1319,16-Nov-23,Wei Chen,North,Tablet,Electronics,SAMSUNG,1,$500,$500,$0,$500
O1320,17-Nov-23,Maria Garcia,East,Phone,Electronics,HP,1,"$1,000","$1,000",$0,"$1,000"
O1321,18-Nov-23,Ali Khan,South,Phone,Electronics,SAMSUNG,2,"$1,000","$2,000",$5,"$1,995"
O1322,19-Nov-23,Ali Khan,West,Phone,Electronics,DELL,3,$500,"$1,500",$0,"$1,500"
O1323,20-Nov-23,Ali Khan,South,Laptop,Electronics,HP,2,$500,"$1,000",$5,$995
O1324,21-Nov-23,Wei Chen,South,Laptop,Electronics,APPLE,1,"$1,000","$1,000",,"$1,000"
O1325,22-Nov-23,John Doe,South,Laptop,Electronics,DELL,2,$500,"$1,000",$5,$995
O1326,23-Nov-23,John Doe,East,Tablet,Electronics,HP,3,"$1,000","$3,000",,"$3,000"
O1327,24-Nov-23,Jane Smith,North,Charger,Electronics,APPLE,3,"$1,500","$4,500",$5,"$4,495"
O1328,25-Nov-23,John Doe,West,Phone,Electronics,DELL,3,"$2,000","$6,000",$10,"$5,990"
O1329,26-Nov-23,Ali Khan,North,Phone,Electronics,DELL,1,"$2,000","$2,000",$10,"$1,990"
O1330,27-Nov-23,Ali Khan,North,Tablet,Electronics,HP,2,"$1,000","$2,000",,"$2,000"
O1331,28-Nov-23,Ali Khan,North,Phone,Electronics,LENOVO,1,"$1,500","$1,500",,"$1,500"
O1332,29-Nov-23,Jane Smith,South,Laptop,Electronics,DELL,1,"$2,000","$2,000",$10,"$1,990"
O1333,30-Nov-23,Ali Khan,North,Charger,Electronics,DELL,1,"$2,000","$2,000",,"$2,000"
O1334,1-Dec-23,John Doe,South,Headphones,Electronics,APPLE,1,"$1,000","$1,000",$5,$995
O1335,2-Dec-23,Wei Chen,South,Phone,Electronics,SAMSUNG,1,$500,$500,$5,$495
O1336,3-Dec-23,Wei Chen,North,Laptop,Electronics,HP,3,"$1,000","$3,000",$10,"$2,990"
O1337,4-Dec-23,Maria Garcia,South,Headphones,Electronics,HP,1,"$1,500","$1,500",$0,"$1,500"
O1338,5-Dec-23,John Doe,North,Charger,Electronics,LENOVO,1,"$2,000","$2,000",$5,"$1,995"
O1339,6-Dec-23,Ali Khan,North,Headphones,Electronics,LENOVO,3,"$1,000","$3,000",,"$3,000"
O1340,7-Dec-23,Wei Chen,West,Laptop,Electronics,HP,1,$500,$500,$0,$500
O1341,8-Dec-23,John Doe,North,Headphones,Electronics,LENOVO,2,"$1,000","$2,000",$0,"$2,000"
O1342,9-Dec-23,Wei Chen,North,Tablet,Electronics,APPLE,3,"$2,000","$6,000",$5,"$5,995"
O1343,10-Dec-23,Ali Khan,West,Headphones,Electronics,HP,1,$500,$500,$5,$495
O1344,11-Dec-23,Wei Chen,East,Phone,Electronics,LENOVO,1,"$1,500","$1,500",$0,"$1,500"
O1345,12-Dec-23,Maria Garcia,North,Phone,Electronics,HP,3,"$2,000","$6,000",$0,"$6,000"
O1346,13-Dec-23,Maria Garcia,North,Tablet,Electronics,SAMSUNG,3,"$1,000","$3,000",$10,"$2,990"
O1347,14-Dec-23,Wei Chen,East,Laptop,Electronics,DELL,1,$500,$500,,$500
O1348,15-Dec-23,John Doe,East,Phone,Electronics,HP,2,"$2,000","$4,000",$10,"$3,990"
O1349,16-Dec-23,John Doe,North,Charger,Electronics,DELL,1,$500,$500,$5,$495
O1350,17-Dec-23,John Doe,East,Phone,Electronics,LENOVO,2,"$2,000","$4,000",$10,"$3,990"
O1351,18-Dec-23,Wei Chen,South,Phone,Electronics,DELL,3,"$1,500","$4,500",$10,"$4,490"
O1352,19-Dec-23,John Doe,West,Laptop,Electronics,HP,2,"$2,000","$4,000",$10,"$3,990"
O1353,20-Dec-23,Ali Khan,West,Headphones,Electronics,SAMSUNG,1,"$1,500","$1,500",$10,"$1,490"
O1354,21-Dec-23,Maria Garcia,West,Phone,Electronics,LENOVO,3,"$1,000","$3,000",,"$3,000"
O1355,22-Dec-23,Ali Khan,South,Tablet,Electronics,HP,1,$500,$500,,$500
O1356,23-Dec-23,John Doe,East,Headphones,Electronics,LENOVO,1,"$1,000","$1,000",$0,"$1,000"
O1357,24-Dec-23,Ali Khan,North,Charger,Electronics,APPLE,1,"$2,000","$2,000",$5,"$1,995"
O1358,25-Dec-23,John Doe,East,Laptop,Electronics,DELL,1,$500,$500,$10,$490
O1359,26-Dec-23,Wei Chen,North,Charger,Electronics,APPLE,1,$500,$500,$0,$500
O1360,27-Dec-23,Ali Khan,West,Headphones,Electronics,HP,2,"$1,000","$2,000",$0,"$2,000"
O1361,28-Dec-23,Wei Chen,East,Headphones,Electronics,SAMSUNG,3,"$1,500","$4,500",$0,"$4,500"
O1362,29-Dec-23,Wei Chen,North,Headphones,Electronics,LENOVO,1,"$1,000","$1,000",,"$1,000"
O1363,30-Dec-23,Jane Smith,North,Charger,Electronics,DELL,1,"$1,000","$1,000",$10,$990
O1364,31-Dec-23,John Doe,South,Headphones,Electronics,LENOVO,3,"$1,500","$4,500",$10,"$4,490"
O1365,1-Jan-24,Maria Garcia,South,Charger,Electronics,HP,1,"$1,000","$1,000",$5,$995
O1366,2-Jan-24,John Doe,North,Headphones,Electronics,LENOVO,1,"$1,000","$1,000",$10,$990
O1367,3-Jan-24,Maria Garcia,North,Tablet,Electronics,DELL,2,$500,"$1,000",$10,$990
O1368,4-Jan-24,John Doe,West,Headphones,Electronics,HP,1,$500,$500,$0,$500
O1369,5-Jan-24,Wei Chen,East,Charger,Electronics,LENOVO,1,"$1,500","$1,500",$5,"$1,495"
O1370,6-Jan-24,Ali Khan,North,Phone,Electronics,SAMSUNG,1,"$2,000","$2,000",$10,"$1,990"
O1371,7-Jan-24,Ali Khan,South,Headphones,Electronics,HP,1,"$1,500","$1,500",,"$1,500"
O1372,8-Jan-24,Jane Smith,North,Phone,Electronics,HP,1,"$2,000","$2,000",$10,"$1,990"
O1373,9-Jan-24,Maria Garcia,North,Tablet,Electronics,SAMSUNG,3,"$1,000","$3,000",$0,"$3,000"
O1374,10-Jan-24,Maria Garcia,East,Laptop,Electronics,APPLE,3,"$1,000","$3,000",,"$3,000"
O1375,11-Jan-24,Maria Garcia,North,Tablet,Electronics,DELL,2,"$2,000","$4,000",$0,"$4,000"
O1376,12-Jan-24,Wei Chen,North,Headphones,Electronics,APPLE,2,"$2,000","$4,000",$10,"$3,990"
O1377,13-Jan-24,Maria Garcia,North,Phone,Electronics,LENOVO,1,"$2,000","$2,000",,"$2,000"
O1378,14-Jan-24,Ali Khan,West,Phone,Electronics,SAMSUNG,3,$500,"$1,500",$5,"$1,495"
O1379,15-Jan-24,Wei Chen,East,Charger,Electronics,APPLE,3,"$2,000","$6,000",$5,"$5,995"
O1380,16-Jan-24,John Doe,North,Phone,Electronics,HP,1,"$1,500","$1,500",,"$1,500"
O1381,17-Jan-24,Maria Garcia,West,Charger,Electronics,LENOVO,1,$500,$500,,$500
O1382,18-Jan-24,Maria Garcia,North,Laptop,Electronics,LENOVO,1,$500,$500,$0,$500
O1383,19-Jan-24,John Doe,North,Headphones,Electronics,APPLE,1,"$1,500","$1,500",,"$1,500"
O1384,20-Jan-24,Maria Garcia,North,Charger,Electronics,APPLE,1,$500,$500,$0,$500
O1385,21-Jan-24,John Doe,West,Laptop,Electronics,SAMSUNG,1,"$2,000","$2,000",$10,"$1,990"
O1386,22-Jan-24,Wei Chen,East,Phone,Electronics,DELL,2,"$2,000","$4,000",$0,"$4,000"
O1387,23-Jan-24,Ali Khan,East,Phone,Electronics,APPLE,3,$500,"$1,500",,"$1,500"
O1388,24-Jan-24,John Doe,West,Laptop,Electronics,APPLE,1,"$2,000","$2,000",,"$2,000"
O1389,25-Jan-24,Jane Smith,North,Phone,Electronics,HP,2,"$1,000","$2,000",$10,"$1,990"
O1390,26-Jan-24,John Doe,South,Laptop,Electronics,LENOVO,3,"$2,000","$6,000",,"$6,000"
O1391,27-Jan-24,Maria Garcia,North,Charger,Electronics,DELL,1,"$2,000","$2,000",,"$2,000"
O1392,28-Jan-24,Wei Chen,North,Charger,Electronics,HP,2,"$2,000","$4,000",$5,"$3,995"
O1393,29-Jan-24,Wei Chen,West,Laptop,Electronics,SAMSUNG,2,"$1,500","$3,000",$5,"$2,995"
O1394,30-Jan-24,John Doe,North,Charger,Electronics,SAMSUNG,3,"$2,000","$6,000",$10,"$5,990"
O1395,31-Jan-24,Ali Khan,East,Charger,Electronics,APPLE,1,"$1,000","$1,000",$0,"$1,000"
O1396,1-Feb-24,Jane Smith,South,Charger,Electronics,APPLE,2,"$1,500","$3,000",$5,"$2,995"
O1397,2-Feb-24,Wei Chen,East,Tablet,Electronics,SAMSUNG,1,"$2,000","$2,000",$0,"$2,000"
O1398,3-Feb-24,Maria Garcia,West,Headphones,Electronics,APPLE,1,"$1,000","$1,000",,"$1,000"
O1399,4-Feb-24,Maria Garcia,North,Phone,Electronics,DELL,1,"$1,000","$1,000",$5,$995
O1400,5-Feb-24,Ali Khan,West,Tablet,Electronics,APPLE,1,"$1,500","$1,500",$10,"$1,490"
O1401,6-Feb-24,Wei Chen,North,Charger,Electronics,LENOVO,2,"$1,000","$2,000",$10,"$1,990"
O1402,7-Feb-24,John Doe,North,Laptop,Electronics,APPLE,1,"$2,000","$2,000",$10,"$1,990"
O1403,8-Feb-24,Maria Garcia,South,Charger,Electronics,HP,1,"$1,000","$1,000",$5,$995
O1404,9-Feb-24,Ali Khan,North,Headphones,Electronics,DELL,1,$500,$500,$0,$500
O1405,10-Feb-24,Wei Chen,North,Charger,Electronics,HP,3,"$1,500","$4,500",,"$4,500"
O1406,11-Feb-24,Wei Chen,West,Laptop,Electronics,HP,2,"$1,000","$2,000",$0,"$2,000"
O1407,12-Feb-24,Wei Chen,South,Headphones,Electronics,LENOVO,2,"$2,000","$4,000",$0,"$4,000"
O1408,13-Feb-24,Wei Chen,North,Charger,Electronics,DELL,1,"$2,000","$2,000",,"$2,000"
O1409,14-Feb-24,Wei Chen,North,Headphones,Electronics,DELL,1,"$1,000","$1,000",,"$1,000"
O1410,15-Feb-24,Maria Garcia,East,Phone,Electronics,DELL,2,"$2,000","$4,000",$5,"$3,995"
O1411,16-Feb-24,Ali Khan,North,Phone,Electronics,DELL,1,"$2,000","$2,000",$5,"$1,995"
O1412,17-Feb-24,Wei Chen,West,Charger,Electronics,DELL,1,"$2,000","$2,000",$5,"$1,995"
O1413,18-Feb-24,Jane Smith,North,Headphones,Electronics,LENOVO,3,"$1,000","$3,000",$5,"$2,995"
O1414,19-Feb-24,Jane Smith,North,Laptop,Electronics,APPLE,1,$500,$500,$5,$495
O1415,20-Feb-24,Ali Khan,North,Charger,Electronics,HP,1,"$1,000","$1,000",,"$1,000"
O1416,21-Feb-24,John Doe,South,Phone,Electronics,DELL,1,$500,$500,$0,$500
O1417,22-Feb-24,John Doe,North,Phone,Electronics,APPLE,1,"$2,000","$2,000",$5,"$1,995"
O1418,23-Feb-24,John Doe,West,Charger,Electronics,APPLE,1,$500,$500,$5,$495
O1419,24-Feb-24,Jane Smith,South,Headphones,Electronics,HP,2,"$2,000","$4,000",$0,"$4,000"
O1420,25-Feb-24,John Doe,East,Phone,Electronics,LENOVO,2,"$2,000","$4,000",$5,"$3,995"
O1421,26-Feb-24,Maria Garcia,West,Headphones,Electronics,SAMSUNG,1,"$1,500","$1,500",$0,"$1,500"
O1422,27-Feb-24,Wei Chen,West,Phone,Electronics,SAMSUNG,2,"$2,000","$4,000",$0,"$4,000"
O1423,28-Feb-24,Jane Smith,West,Phone,Electronics,APPLE,2,"$2,000","$4,000",,"$4,000"
O1424,29-Feb-24,Ali Khan,North,Tablet,Electronics,HP,3,"$1,500","$4,500",$10,"$4,490"
O1425,1-Mar-24,Ali Khan,West,Phone,Electronics,SAMSUNG,3,"$2,000","$6,000",,"$6,000"
O1426,2-Mar-24,Wei Chen,North,Laptop,Electronics,APPLE,2,"$2,000","$4,000",$10,"$3,990"
O1427,3-Mar-24,Jane Smith,West,Charger,Electronics,LENOVO,1,"$2,000","$2,000",$10,"$1,990"
O1428,4-Mar-24,John Doe,North,Charger,Electronics,SAMSUNG,3,$500,"$1,500",$10,"$1,490"
O1429,5-Mar-24,John Doe,West,Headphones,Electronics,APPLE,1,$500,$500,$5,$495
O1430,6-Mar-24,Maria Garcia,East,Phone,Electronics,APPLE,1,"$2,000","$2,000",,"$2,000"
O1431,7-Mar-24,Maria Garcia,East,Laptop,Electronics,DELL,1,"$2,000","$2,000",$10,"$1,990"
O1432,8-Mar-24,John Doe,North,Headphones,Electronics,LENOVO,1,"$1,000","$1,000",$0,"$1,000"
O1433,9-Mar-24,Ali Khan,North,Tablet,Electronics,DELL,2,$500,"$1,000",$5,$995
O1434,10-Mar-24,Ali Khan,North,Headphones,Electronics,HP,1,"$1,000","$1,000",,"$1,000"
O1435,11-Mar-24,Maria Garcia,South,Headphones,Electronics,DELL,1,"$2,000","$2,000",$10,"$1,990"
O1436,12-Mar-24,Wei Chen,North,Phone,Electronics,DELL,3,"$2,000","$6,000",$0,"$6,000"
O1437,13-Mar-24,John Doe,West,Tablet,Electronics,SAMSUNG,2,"$1,000","$2,000",,"$2,000"
O1438,14-Mar-24,Maria Garcia,North,Headphones,Electronics,APPLE,3,"$1,000","$3,000",,"$3,000"
O1439,15-Mar-24,Maria Garcia,South,Laptop,Electronics,LENOVO,1,"$2,000","$2,000",$5,"$1,995"
O1440,16-Mar-24,John Doe,North,Laptop,Electronics,DELL,1,$500,$500,,$500
O1441,17-Mar-24,John Doe,North,Charger,Electronics,LENOVO,1,"$1,000","$1,000",$5,$995
O1442,18-Mar-24,Ali Khan,South,Tablet,Electronics,DELL,1,"$2,000","$2,000",$10,"$1,990"
O1443,19-Mar-24,Wei Chen,North,Tablet,Electronics,HP,1,"$1,000","$1,000",$5,$995
O1444,20-Mar-24,Wei Chen,West,Charger,Electronics,DELL,2,$500,"$1,000",$0,"$1,000"
O1445,21-Mar-24,John Doe,South,Headphones,Electronics,SAMSUNG,1,"$1,000","$1,000",$5,$995
O1446,22-Mar-24,Jane Smith,East,Tablet,Electronics,APPLE,3,"$1,000","$3,000",$0,"$3,000"
O1447,23-Mar-24,Maria Garcia,North,Laptop,Electronics,HP,1,"$1,500","$1,500",$5,"$1,495"
O1448,24-Mar-24,Maria Garcia,East,Laptop,Electronics,DELL,2,$500,"$1,000",,"$1,000"
O1449,25-Mar-24,John Doe,North,Phone,Electronics,LENOVO,2,$500,"$1,000",$10,$990
O1450,26-Mar-24,Jane Smith,West,Tablet,Electronics,HP,1,$500,$500,$0,$500
O1451,27-Mar-24,Ali Khan,West,Headphones,Electronics,HP,1,"$1,500","$1,500",$5,"$1,495"
O1452,28-Mar-24,John Doe,North,Charger,Electronics,DELL,1,"$1,500","$1,500",$5,"$1,495"
O1453,29-Mar-24,John Doe,East,Charger,Electronics,HP,2,"$2,000","$4,000",$5,"$3,995"
O1454,30-Mar-24,Maria Garcia,North,Headphones,Electronics,LENOVO,1,"$1,000","$1,000",,"$1,000"
O1455,31-Mar-24,John Doe,West,Phone,Electronics,HP,1,"$2,000","$2,000",,"$2,000"
O1456,1-Apr-24,John Doe,South,Charger,Electronics,LENOVO,2,"$1,000","$2,000",$0,"$2,000"
O1457,2-Apr-24,John Doe,West,Tablet,Electronics,DELL,1,"$1,500","$1,500",$0,"$1,500"
O1458,3-Apr-24,Maria Garcia,South,Phone,Electronics,APPLE,1,"$1,500","$1,500",,"$1,500"
O1459,4-Apr-24,Ali Khan,North,Tablet,Electronics,HP,2,"$2,000","$4,000",$0,"$4,000"
O1460,5-Apr-24,Ali Khan,West,Laptop,Electronics,APPLE,1,$500,$500,$10,$490
O1461,6-Apr-24,John Doe,West,Phone,Electronics,LENOVO,1,"$2,000","$2,000",$10,"$1,990"
O1462,7-Apr-24,Maria Garcia,North,Charger,Electronics,HP,1,"$1,000","$1,000",,"$1,000"
O1463,8-Apr-24,Ali Khan,West,Phone,Electronics,SAMSUNG,1,"$2,000","$2,000",$0,"$2,000"
O1464,9-Apr-24,Ali Khan,South,Phone,Electronics,APPLE,2,$500,"$1,000",$5,$995
O1465,10-Apr-24,Ali Khan,West,Phone,Electronics,HP,1,"$1,000","$1,000",$10,$990
O1466,11-Apr-24,Maria Garcia,East,Phone,Electronics,APPLE,1,"$1,000","$1,000",,"$1,000"
O1467,12-Apr-24,Maria Garcia,North,Tablet,Electronics,HP,1,"$2,000","$2,000",$0,"$2,000"
O1468,13-Apr-24,John Doe,South,Laptop,Electronics,DELL,2,"$1,500","$3,000",,"$3,000"
O1469,14-Apr-24,Wei Chen,East,Headphones,Electronics,APPLE,2,"$1,000","$2,000",$5,"$1,995"
O1470,15-Apr-24,Ali Khan,North,Phone,Electronics,SAMSUNG,3,"$1,500","$4,500",$10,"$4,490"
O1471,16-Apr-24,Wei Chen,South,Charger,Electronics,SAMSUNG,2,"$2,000","$4,000",,"$4,000"
O1472,17-Apr-24,Maria Garcia,North,Phone,Electronics,LENOVO,2,$500,"$1,000",,"$1,000"
O1473,18-Apr-24,Maria Garcia,North,Charger,Electronics,HP,3,"$2,000","$6,000",,"$6,000"
O1474,19-Apr-24,Maria Garcia,North,Tablet,Electronics,APPLE,2,"$1,500","$3,000",$5,"$2,995"
O1475,20-Apr-24,Wei Chen,North,Charger,Electronics,LENOVO,2,"$1,000","$2,000",,"$2,000"
O1476,21-Apr-24,Maria Garcia,South,Headphones,Electronics,APPLE,2,"$1,500","$3,000",$5,"$2,995"
O1477,22-Apr-24,John Doe,West,Laptop,Electronics,HP,2,"$1,000","$2,000",$5,"$1,995"
O1478,23-Apr-24,Maria Garcia,North,Charger,Electronics,SAMSUNG,3,"$1,500","$4,500",$5,"$4,495"
O1479,24-Apr-24,Jane Smith,West,Charger,Electronics,DELL,2,"$1,000","$2,000",$10,"$1,990"
O1480,25-Apr-24,Wei Chen,East,Laptop,Electronics,SAMSUNG,2,"$2,000","$4,000",$10,"$3,990"
O1481,26-Apr-24,Jane Smith,North,Headphones,Electronics,LENOVO,3,"$1,000","$3,000",,"$3,000"
O1482,27-Apr-24,Maria Garcia,West,Phone,Electronics,DELL,1,"$1,000","$1,000",,"$1,000"
O1483,28-Apr-24,John Doe,North,Charger,Electronics,LENOVO,1,$500,$500,$10,$490
O1484,29-Apr-24,Ali Khan,West,Laptop,Electronics,HP,1,"$1,000","$1,000",$0,"$1,000"
O1485,30-Apr-24,Maria Garcia,East,Tablet,Electronics,DELL,3,$500,"$1,500",$10,"$1,490"
O1486,1-May-24,John Doe,North,Laptop,Electronics,LENOVO,1,$500,$500,$5,$495
O1487,2-May-24,Wei Chen,East,Tablet,Electronics,HP,3,$500,"$1,500",$10,"$1,490"
O1488,3-May-24,Jane Smith,North,Headphones,Electronics,SAMSUNG,3,"$2,000","$6,000",$5,"$5,995"
O1489,4-May-24,Jane Smith,North,Phone,Electronics,HP,2,$500,"$1,000",,"$1,000"
O1490,5-May-24,Jane Smith,North,Laptop,Electronics,APPLE,1,$500,$500,$0,$500
O1491,6-May-24,Wei Chen,East,Charger,Electronics,HP,2,"$2,000","$4,000",,"$4,000"
O1492,7-May-24,John Doe,West,Headphones,Electronics,HP,1,"$1,500","$1,500",$5,"$1,495"
O1493,8-May-24,Wei Chen,East,Laptop,Electronics,APPLE,3,"$1,500","$4,500",$5,"$4,495"
O1494,9-May-24,Jane Smith,North,Charger,Electronics,LENOVO,3,$500,"$1,500",$5,"$1,495"
O1495,10-May-24,Maria Garcia,North,Laptop,Electronics,LENOVO,1,$500,$500,$0,$500
O1496,11-May-24,Ali Khan,North,Tablet,Electronics,HP,1,"$2,000","$2,000",$10,"$1,990"
O1497,12-May-24,Wei Chen,South,Laptop,Electronics,APPLE,2,$500,"$1,000",,"$1,000"
O1498,13-May-24,Wei Chen,South,Laptop,Electronics,APPLE,1,"$1,000","$1,000",,"$1,000"
O1499,14-May-24,John Doe,West,Laptop,Electronics,SAMSUNG,1,$500,$500,$10,$490
